{
  "method": "bayesian",
  "n_trials": 10,
  "n_complete": 6,
  "n_failed": 0,
  "best_trial_number": 8,
  "best_value": 1.371364,
  "best_params": {
    "depth": 4,
    "device_batch_size": 8,
    "total_batch_size": 16384,
    "embedding_lr": 0.4369348036796718,
    "matrix_lr": 0.06846022782058357,
    "weight_decay": 0.18368944361000789,
    "warmdown_ratio": 0.601290739852631
  },
  "total_time_s": 4556.9955887794495,
  "avg_time_per_trial_s": 455.6995588779449
}